{"name":"5f2778a8-dd0a-4196-90dd-9cca0bcbff5d","id":"/providers/Microsoft.Flow/flows/5f2778a8-dd0a-4196-90dd-9cca0bcbff5d","type":"Microsoft.Flow/flows","properties":{"apiId":"/providers/Microsoft.PowerApps/apis/shared_logicflows","displayName":"0 Austin - Indexed Flow Commented","definition":{"metadata":{"workflowEntityId":null,"processAdvisorMetadata":null,"flowChargedByPaygo":null,"flowclientsuspensionreason":"None","flowclientsuspensiontime":null,"flowclientsuspensionreasondetails":null,"creator":{"id":"3986c802-2afe-4fca-b482-958ce7d5b8ea","type":"User","tenantId":"5c9496d4-8388-4986-b61c-4952186658da"},"provisioningMethod":"FromDefinition","failureAlertSubscription":true,"clientLastModifiedTime":"2025-11-12T01:37:37.7389184Z","connectionKeySavedTimeKey":"2025-11-12T01:37:37.7389184Z","creationSource":null,"modifiedSources":"Portal"},"$schema":"https://schema.management.azure.com/providers/Microsoft.Logic/schemas/2016-06-01/workflowdefinition.json#","contentVersion":"undefined","parameters":{"$authentication":{"defaultValue":{},"type":"SecureObject"},"$connections":{"defaultValue":{},"type":"Object"}},"triggers":{"manual":{"type":"Request","kind":"Button","inputs":{"schema":{"type":"object","properties":{},"required":[]}}}},"actions":{"Rejected_Scope":{"actions":{"Query_Rejected_Rowcount":{"type":"OpenApiConnection","inputs":{"parameters":{"groupid":"20f5bf3d-8fdd-4ab2-b91d-273feb145a83","datasetid":"1818cdd4-e4ec-4d9f-aa7c-3fc818f3d44b","specification/query":"EVALUATE\n\tRow(\n\t\t\t\t\"RejectCount\", (CALCULATE(COUNTA('Clients'[Client Address])))\n\t)\n","specification/serializerSettings/includeNulls":false},"host":{"apiId":"/providers/Microsoft.PowerApps/apis/shared_powerbi","connectionName":"shared_powerbi","operationId":"ExecuteDatasetQuery"},"authentication":{"value":"@json(decodeBase64(triggerOutputs().headers['X-MS-APIM-Tokens']))['$ConnectionKey']","type":"Raw"}}},"Parse_RowCount":{"runAfter":{"Query_Rejected_Rowcount":["Succeeded"]},"type":"ParseJson","inputs":{"content":"@body('Query_Rejected_Rowcount')","schema":{"body":{"results":[{"tables":[{"rows":[{"[RejectCount]":100}]}]}],"firstTableRows":[{"[RejectCount]":100}]}}}},"Set_RowCount_Variable":{"runAfter":{"Parse_RowCount":["Succeeded"]},"type":"SetVariable","inputs":{"name":"RowCount","value":"@int(first(split(last(split(string(body('Parse_RowCount')),'\"[RejectCount]\":')),'}')))"}},"Condition":{"actions":{"Do_until":{"actions":{"Query_Rejected_Data":{"type":"OpenApiConnection","inputs":{"parameters":{"groupid":"20f5bf3d-8fdd-4ab2-b91d-273feb145a83","datasetid":"1818cdd4-e4ec-4d9f-aa7c-3fc818f3d44b","specification/query":"// DAX Query\nDEFINE\n\tVAR __DS0FilterTable = \n\t\tTREATAS({\"Rejected\"}, 'Clients'[Trade Status])\n\n\tVAR __DS0FilterTable2 = \n\t\tFILTER(\n\t\t\tKEEPFILTERS(VALUES('Clients'[Index])),\n\t\t\tAND('Clients'[Index] >= @{variables('indexStart')}, 'Clients'[Index] <= @{variables('indexEnd')})\n\t\t)\n\n\tVAR __DS0Core = \n\t\tSUMMARIZECOLUMNS(\n\t\t\t'Clients'[Client Name],\n\t\t\t'Clients'[Trade Status],\n\t\t\t__DS0FilterTable,\n\t\t\t__DS0FilterTable2,\n\t\t\t\"Trade Value\", CALCULATE(SUM('Clients'[Trade Value]))\n\t\t)\n\n\tVAR __DS0PrimaryWindowed = \n\t\tTOPN(501, __DS0Core, [Trade Value], 0, 'Clients'[Client Name], 1, 'Clients'[Trade Status], 1)\n\nEVALUATE\n\t__DS0PrimaryWindowed\n\nORDER BY\n\t[Trade Value] DESC, 'Clients'[Client Name], 'Clients'[Trade Status]\n","specification/serializerSettings/includeNulls":false},"host":{"apiId":"/providers/Microsoft.PowerApps/apis/shared_powerbi","connectionName":"shared_powerbi","operationId":"ExecuteDatasetQuery"},"authentication":{"value":"@json(decodeBase64(triggerOutputs().headers['X-MS-APIM-Tokens']))['$ConnectionKey']","type":"Raw"}}},"Map_Rejected_Schema":{"runAfter":{"Query_Rejected_Data":["Succeeded"]},"type":"Select","inputs":{"from":"@outputs('Query_Rejected_Data')?['body/firstTableRows']","select":{"Client Name":"@item()?['Clients[Client Name]']","Trade Status":"@item()?['Clients[Trade Status]']","Trade Value":"@if(equals(item()?['[Trade Value]'],null),null,formatNumber(item()?['[Trade Value]'],'C','en-US'))","Comments":""}}},"Apply_to_each":{"foreach":"@body('Map_Rejected_Schema')","actions":{"Add_a_row_into_Rejected_Table":{"metadata":{"01O4UERD76Z5TGUCOPNREKGJ6WMAWSNOGY":"/2025.11.12 Austin Presentation/Austin_2025.11.11.xlsx","tableId":"Rejected"},"type":"OpenApiConnection","inputs":{"parameters":{"source":"sites/rubberduckanalytics.sharepoint.com,65c452f0-8799-4a9c-9189-e440f28cca7b,554649af-7b29-496a-bbfc-9ce38be15996","drive":"b!8FLEZZmHnEqRieRA8ozKe69JRlUpe2pJu_yc44vhWZaMqx566vqDT5HUEGNEaREt","file":"/2025.11.12 Austin Presentation/Austin_@{formatDateTime(addHours(utcNow(),-4),'yyyy.MM.dd')}.xlsx","table":"Rejected","item":"@items('Apply_to_each')"},"host":{"apiId":"/providers/Microsoft.PowerApps/apis/shared_excelonlinebusiness","connectionName":"shared_excelonlinebusiness","operationId":"AddRowV2"},"authentication":{"value":"@json(decodeBase64(triggerOutputs().headers['X-MS-APIM-Tokens']))['$ConnectionKey']","type":"Raw"}}}},"runAfter":{"Map_Rejected_Schema":["Succeeded"]},"type":"Foreach"},"Increment_indexStart":{"runAfter":{"Apply_to_each":["Succeeded"]},"type":"IncrementVariable","inputs":{"name":"indexStart","value":10}},"Increment_indexEnd":{"runAfter":{"Increment_indexStart":["Succeeded"]},"type":"IncrementVariable","inputs":{"name":"indexEnd","value":10}}},"expression":"@greaterOrEquals(variables('indexStart'),variables('RowCount'))","limit":{"count":60,"timeout":"PT1H"},"type":"Until"}},"runAfter":{"Set_RowCount_Variable":["Succeeded"]},"else":{"actions":{}},"expression":{"and":[{"greater":["@variables('RowCount')",0]}]},"type":"If"}},"runAfter":{"Set_indexEnd":["Succeeded"]},"type":"Scope"},"Summary_Scope":{"actions":{"Query_Summary_RowCount":{"type":"OpenApiConnection","inputs":{"parameters":{"groupid":"20f5bf3d-8fdd-4ab2-b91d-273feb145a83","datasetid":"1818cdd4-e4ec-4d9f-aa7c-3fc818f3d44b","specification/query":"// DAX Query\nEVALUATE\n\tROW(\n\t\t\"SummaryCount\", CALCULATE(COUNTA('Client Summary'[Client Region]))\n\t)\n","specification/serializerSettings/includeNulls":false},"host":{"apiId":"/providers/Microsoft.PowerApps/apis/shared_powerbi","connectionName":"shared_powerbi","operationId":"ExecuteDatasetQuery"},"authentication":{"value":"@json(decodeBase64(triggerOutputs().headers['X-MS-APIM-Tokens']))['$ConnectionKey']","type":"Raw"}}},"Parse_Summary_RowCount":{"runAfter":{"Query_Summary_RowCount":["Succeeded"]},"type":"ParseJson","inputs":{"content":"@body('Query_Summary_RowCount')","schema":{"body":{"results":[{"tables":[{"rows":[{"[SummaryCount]":100}]}]}],"firstTableRows":[{"[SummaryCount]":100}]}}}},"Set_Summary_RowCount":{"runAfter":{"Parse_Summary_RowCount":["Succeeded"]},"type":"SetVariable","inputs":{"name":"RowCount","value":"@int(first(split(last(split(string(body('Parse_Summary_RowCount')),'\"[SummaryCount]\":')),'}')))"}},"Condition_1":{"actions":{"Do_until_1":{"actions":{"Query_Summary_Data":{"type":"OpenApiConnection","inputs":{"parameters":{"groupid":"20f5bf3d-8fdd-4ab2-b91d-273feb145a83","datasetid":"1818cdd4-e4ec-4d9f-aa7c-3fc818f3d44b","specification/query":"// DAX Query\nDEFINE\n\tVAR __DS0FilterTable = \n\t\tFILTER(\n\t\t\tKEEPFILTERS(VALUES('Client Summary'[Index])),\n\t\t\tAND('Client Summary'[Index] >= @{variables('indexStart')}, 'Client Summary'[Index] <=@{variables('indexEnd')} )\n\t\t)\n\n\tVAR __DS0Core = \n\t\tSUMMARIZECOLUMNS(\n\t\t\t'Client Summary'[Client Region],\n\t\t\t'Client Summary'[Trade Status],\n\t\t\t__DS0FilterTable,\n\t\t\t\"Trade Value\", CALCULATE(SUM('Client Summary'[Trade Value]))\n\t\t)\n\n\tVAR __DS0PrimaryWindowed = \n\t\tTOPN(501, __DS0Core, 'Client Summary'[Client Region], 1, 'Client Summary'[Trade Status], 1)\n\nEVALUATE\n\t__DS0PrimaryWindowed\n\nORDER BY\n\t'Client Summary'[Client Region], 'Client Summary'[Trade Status]\n","specification/serializerSettings/includeNulls":false},"host":{"apiId":"/providers/Microsoft.PowerApps/apis/shared_powerbi","connectionName":"shared_powerbi","operationId":"ExecuteDatasetQuery"},"authentication":{"value":"@json(decodeBase64(triggerOutputs().headers['X-MS-APIM-Tokens']))['$ConnectionKey']","type":"Raw"}}},"Map_Summary_Schema":{"runAfter":{"Query_Summary_Data":["Succeeded"]},"type":"Select","inputs":{"from":"@outputs('Query_Summary_Data')?['body/firstTableRows']","select":{"Client Region":"@item()?['Client Summary[Client Region]']","Trade Status":"@item()?['Client Summary[Trade Status]']","Trade Value":"@if(equals(item()?['[Trade Value]'],null),null,formatNumber(item()?['[Trade Value]'],'C','en-US'))"}}},"Apply_to_each_1":{"foreach":"@body('Map_Summary_Schema')","actions":{"Add_a_row_into_Summary_Table":{"metadata":{"01O4UERD76Z5TGUCOPNREKGJ6WMAWSNOGY":"/2025.11.12 Austin Presentation/Austin_2025.11.11.xlsx","tableId":"Summary"},"type":"OpenApiConnection","inputs":{"parameters":{"source":"sites/rubberduckanalytics.sharepoint.com,65c452f0-8799-4a9c-9189-e440f28cca7b,554649af-7b29-496a-bbfc-9ce38be15996","drive":"b!8FLEZZmHnEqRieRA8ozKe69JRlUpe2pJu_yc44vhWZaMqx566vqDT5HUEGNEaREt","file":"/2025.11.12 Austin Presentation/Austin_@{formatDateTime(addHours(utcNow(),-4),'yyyy.MM.dd')}.xlsx","table":"Summary","item":"@items('Apply_to_each_1')"},"host":{"apiId":"/providers/Microsoft.PowerApps/apis/shared_excelonlinebusiness","connectionName":"shared_excelonlinebusiness","operationId":"AddRowV2"},"authentication":{"value":"@json(decodeBase64(triggerOutputs().headers['X-MS-APIM-Tokens']))['$ConnectionKey']","type":"Raw"}}}},"runAfter":{"Map_Summary_Schema":["Succeeded"]},"type":"Foreach"},"Incement_IndexStart_summary":{"runAfter":{"Apply_to_each_1":["Succeeded"]},"type":"IncrementVariable","inputs":{"name":"indexStart","value":10}},"Increment_indexEnd_Summary":{"runAfter":{"Incement_IndexStart_summary":["Succeeded"]},"type":"IncrementVariable","inputs":{"name":"indexEnd","value":10}}},"expression":"@greaterOrEquals(variables('indexStart'),variables('RowCount'))","limit":{"count":60,"timeout":"PT1H"},"type":"Until"}},"runAfter":{"Set_Summary_RowCount":["Succeeded"]},"else":{"actions":{}},"expression":{"and":[{"greater":["@variables('RowCount')",0]}]},"type":"If"}},"runAfter":{"reset_indexEnd":["Succeeded"]},"type":"Scope"},"Initialize_RowCount":{"runAfter":{},"type":"InitializeVariable","inputs":{"variables":[{"name":"RowCount","type":"integer"}]}},"Initialize_indexStart":{"runAfter":{"Initialize_RowCount":["Succeeded"]},"type":"InitializeVariable","inputs":{"variables":[{"name":"indexStart","type":"integer"}]}},"Set_indexStart":{"runAfter":{"Initialize_indexStart":["Succeeded"]},"type":"SetVariable","inputs":{"name":"indexStart","value":0}},"Initialize_indexEnd":{"runAfter":{"Set_indexStart":["Succeeded"]},"type":"InitializeVariable","inputs":{"variables":[{"name":"indexEnd","type":"integer"}]}},"Set_indexEnd":{"runAfter":{"Initialize_indexEnd":["Succeeded"]},"type":"SetVariable","inputs":{"name":"indexEnd","value":10}},"Reset_indexStart":{"runAfter":{"Rejected_Scope":["Succeeded"]},"type":"SetVariable","inputs":{"name":"indexStart","value":0}},"reset_indexEnd":{"runAfter":{"Reset_indexStart":["Succeeded"]},"type":"SetVariable","inputs":{"name":"indexEnd","value":10}}}},"connectionReferences":{"shared_powerbi":{"connectionName":"shared-powerbi-cbfa518b-01b9-462e-a5ef-b4be0891e754","source":"Invoker","id":"/providers/Microsoft.PowerApps/apis/shared_powerbi","tier":"NotSpecified","apiName":"powerbi","isProcessSimpleApiReferenceConversionAlreadyDone":false},"shared_excelonlinebusiness":{"connectionName":"shared-excelonlinebu-34e21af1-7082-41bb-ae30-053c62a35e6b","source":"Invoker","id":"/providers/Microsoft.PowerApps/apis/shared_excelonlinebusiness","tier":"NotSpecified","apiName":"excelonlinebusiness","isProcessSimpleApiReferenceConversionAlreadyDone":false}},"flowFailureAlertSubscribed":false,"isManaged":false}}