{"name":"d83d854d-5cf0-4520-bbe7-fcafc2417d92","id":"/providers/Microsoft.Flow/flows/d83d854d-5cf0-4520-bbe7-fcafc2417d92","type":"Microsoft.Flow/flows","properties":{"apiId":"/providers/Microsoft.PowerApps/apis/shared_logicflows","displayName":"Get file content","definition":{"metadata":{"workflowEntityId":null,"processAdvisorMetadata":null,"flowChargedByPaygo":null,"flowclientsuspensionreason":"None","flowclientsuspensiontime":null,"flowclientsuspensionreasondetails":null,"creator":{"id":"3986c802-2afe-4fca-b482-958ce7d5b8ea","type":"User","tenantId":"5c9496d4-8388-4986-b61c-4952186658da"},"provisioningMethod":"FromDefinition","failureAlertSubscription":true,"clientLastModifiedTime":"2025-11-11T04:49:56.493605Z","connectionKeySavedTimeKey":"2025-11-11T04:49:56.493605Z","creationSource":"Portal","modifiedSources":"Portal"},"$schema":"https://schema.management.azure.com/providers/Microsoft.Logic/schemas/2016-06-01/workflowdefinition.json#","contentVersion":"undefined","parameters":{"$authentication":{"defaultValue":{},"type":"SecureObject"},"$connections":{"defaultValue":{},"type":"Object"}},"triggers":{"manual":{"type":"Request","kind":"Button","inputs":{"schema":{"type":"object","properties":{},"required":[]}}}},"actions":{"Get_file_content":{"runAfter":{},"metadata":{"%252fShared%2bDocuments%252f2025.11.12%2bAustin%2bPresentation%252fTemplate.xlsx":"/Shared Documents/2025.11.12 Austin Presentation/Template.xlsx"},"type":"OpenApiConnection","inputs":{"parameters":{"dataset":"https://rubberduckanalytics.sharepoint.com","id":"%252fShared%2bDocuments%252f2025.11.12%2bAustin%2bPresentation%252fTemplate.xlsx","inferContentType":true},"host":{"apiId":"/providers/Microsoft.PowerApps/apis/shared_sharepointonline","connectionName":"shared_sharepointonline","operationId":"GetFileContent"},"authentication":{"value":"@json(decodeBase64(triggerOutputs().headers['X-MS-APIM-Tokens']))['$ConnectionKey']","type":"Raw"}}},"Create_file":{"runAfter":{"Compose":["Succeeded"]},"type":"OpenApiConnection","inputs":{"parameters":{"dataset":"https://rubberduckanalytics.sharepoint.com","folderPath":"/Shared Documents/2025.11.12 Austin Presentation","name":"Austin_@{formatDateTime(utcNow(),'yyyy.MM.dd')}.xlsx","body":"@outputs('Compose')"},"host":{"apiId":"/providers/Microsoft.PowerApps/apis/shared_sharepointonline","connectionName":"shared_sharepointonline","operationId":"CreateFile"},"authentication":{"value":"@json(decodeBase64(triggerOutputs().headers['X-MS-APIM-Tokens']))['$ConnectionKey']","type":"Raw"}},"runtimeConfiguration":{"contentTransfer":{"transferMode":"Chunked"}}},"Compose":{"runAfter":{"Get_file_content":["Succeeded"]},"type":"Compose","inputs":"@body('Get_file_content')"}}},"connectionReferences":{"shared_sharepointonline":{"connectionName":"shared-sharepointonl-681af868-0f9f-4266-a451-4d9a55693d70","source":"Invoker","id":"/providers/Microsoft.PowerApps/apis/shared_sharepointonline","tier":"NotSpecified","apiName":"sharepointonline","isProcessSimpleApiReferenceConversionAlreadyDone":false}},"flowFailureAlertSubscribed":false,"isManaged":false}}