{"name":"91e02dc4-4bc6-4df4-a8dd-7915e37e3798","id":"/providers/Microsoft.Flow/flows/91e02dc4-4bc6-4df4-a8dd-7915e37e3798","type":"Microsoft.Flow/flows","properties":{"apiId":"/providers/Microsoft.PowerApps/apis/shared_logicflows","displayName":"0 Austin - Basic Flow Commented","definition":{"metadata":{"workflowEntityId":null,"processAdvisorMetadata":null,"flowChargedByPaygo":null,"flowclientsuspensionreason":"None","flowclientsuspensiontime":null,"flowclientsuspensionreasondetails":null,"creator":{"id":"3986c802-2afe-4fca-b482-958ce7d5b8ea","type":"User","tenantId":"5c9496d4-8388-4986-b61c-4952186658da"},"provisioningMethod":"FromDefinition","failureAlertSubscription":true,"clientLastModifiedTime":"2025-11-12T01:39:38.4872932Z","connectionKeySavedTimeKey":"2025-11-12T01:39:38.4872932Z","creationSource":null,"modifiedSources":"Portal"},"$schema":"https://schema.management.azure.com/providers/Microsoft.Logic/schemas/2016-06-01/workflowdefinition.json#","contentVersion":"undefined","parameters":{"$authentication":{"defaultValue":{},"type":"SecureObject"},"$connections":{"defaultValue":{},"type":"Object"}},"triggers":{"manual":{"type":"Request","kind":"Button","inputs":{"schema":{"type":"object","properties":{},"required":[]}}}},"actions":{"Rejected_Data":{"actions":{"Query_Rejected_Row_Table":{"type":"OpenApiConnection","inputs":{"parameters":{"groupid":"20f5bf3d-8fdd-4ab2-b91d-273feb145a83","datasetid":"1818cdd4-e4ec-4d9f-aa7c-3fc818f3d44b","specification/query":"// DAX Query\nDEFINE\n\tVAR __DS0FilterTable = \n\t\tTREATAS({\"Rejected\"}, 'Clients'[Trade Status])\n\n\tVAR __DS0Core = \n\t\tSUMMARIZECOLUMNS(\n\t\t\t'Clients'[Client Name],\n\t\t\t'Clients'[Trade Status],\n\t\t\t__DS0FilterTable,\n\t\t\t\"Trade Value\", CALCULATE(SUM('Clients'[Trade Value]))\n\t\t)\n\n\tVAR __DS0PrimaryWindowed = \n\t\tTOPN(501, __DS0Core, [Trade Value], 0, 'Clients'[Client Name], 1, 'Clients'[Trade Status], 1)\n\nEVALUATE\n\t__DS0PrimaryWindowed\n\nORDER BY\n\t[Trade Value] DESC, 'Clients'[Client Name], 'Clients'[Trade Status]\n","specification/serializerSettings/includeNulls":false},"host":{"apiId":"/providers/Microsoft.PowerApps/apis/shared_powerbi","connectionName":"shared_powerbi","operationId":"ExecuteDatasetQuery"},"authentication":{"value":"@json(decodeBase64(triggerOutputs().headers['X-MS-APIM-Tokens']))['$ConnectionKey']","type":"Raw"}}},"Map_Reject_Data_Schema":{"runAfter":{"Query_Rejected_Row_Table":["Succeeded"]},"type":"Select","inputs":{"from":"@outputs('Query_Rejected_Row_Table')?['body/firstTableRows']","select":{"Client Name":"@item()?['Clients[Client Name]']","Trade Status":"@item()?['Clients[Trade Status]']","Trade Value":"@if(equals(item()?['[Trade Value]'],null),null,formatNumber(item()?['[Trade Value]'],'C','en-US'))"}}},"Apply_to_each":{"foreach":"@body('Map_Reject_Data_Schema')","actions":{"Add_a_row_into_Reject_Table":{"metadata":{"01O4UERD76Z5TGUCOPNREKGJ6WMAWSNOGY":"/2025.11.12 Austin Presentation/Austin_2025.11.11.xlsx","tableId":"Rejected"},"type":"OpenApiConnection","inputs":{"parameters":{"source":"sites/rubberduckanalytics.sharepoint.com,65c452f0-8799-4a9c-9189-e440f28cca7b,554649af-7b29-496a-bbfc-9ce38be15996","drive":"b!8FLEZZmHnEqRieRA8ozKe69JRlUpe2pJu_yc44vhWZaMqx566vqDT5HUEGNEaREt","file":"/2025.11.12 Austin Presentation/Austin_@{formatDateTime(addHours(utcNow(),-4),'yyyy.MM.dd')}.xlsx","table":"Rejected","item":"@items('Apply_to_each')"},"host":{"apiId":"/providers/Microsoft.PowerApps/apis/shared_excelonlinebusiness","connectionName":"shared_excelonlinebusiness","operationId":"AddRowV2"},"authentication":{"value":"@json(decodeBase64(triggerOutputs().headers['X-MS-APIM-Tokens']))['$ConnectionKey']","type":"Raw"}}}},"runAfter":{"Map_Reject_Data_Schema":["Succeeded"]},"type":"Foreach"}},"runAfter":{},"type":"Scope"},"Summary_Data":{"actions":{"Query_Summary_Data":{"type":"OpenApiConnection","inputs":{"parameters":{"groupid":"20f5bf3d-8fdd-4ab2-b91d-273feb145a83","datasetid":"1818cdd4-e4ec-4d9f-aa7c-3fc818f3d44b","specification/query":"// DAX Query\nDEFINE\n\tVAR __DS0Core = \n\t\tSUMMARIZECOLUMNS(\n\t\t\t'Client Summary'[Client Region],\n\t\t\t'Client Summary'[Trade Status],\n\t\t\t\"Trade Value\", CALCULATE(SUM('Client Summary'[Trade Value]))\n\t\t)\n\n\tVAR __DS0PrimaryWindowed = \n\t\tTOPN(501, __DS0Core, 'Client Summary'[Client Region], 1, 'Client Summary'[Trade Status], 1)\n\nEVALUATE\n\t__DS0PrimaryWindowed\n\nORDER BY\n\t'Client Summary'[Client Region], 'Client Summary'[Trade Status]\n","specification/serializerSettings/includeNulls":false},"host":{"apiId":"/providers/Microsoft.PowerApps/apis/shared_powerbi","connectionName":"shared_powerbi","operationId":"ExecuteDatasetQuery"},"authentication":{"value":"@json(decodeBase64(triggerOutputs().headers['X-MS-APIM-Tokens']))['$ConnectionKey']","type":"Raw"}}},"Map_Summary_Schema":{"runAfter":{"Query_Summary_Data":["Succeeded"]},"type":"Select","inputs":{"from":"@outputs('Query_Summary_Data')?['body/firstTableRows']","select":{"Client Region":"@item()?['Client Summary[Client Region]']","Trade Status":"@item()?['Client Summary[Trade Status]']","Trade Value":"@if(equals(item()?['[Trade Value]'],null),null,formatNumber(item()?['[Trade Value]'],'C','en-US'))"}}},"Apply_to_each_1":{"foreach":"@body('Map_Summary_Schema')","actions":{"Add_a_row_into_Summary_Table":{"metadata":{"01O4UERD76Z5TGUCOPNREKGJ6WMAWSNOGY":"/2025.11.12 Austin Presentation/Austin_2025.11.11.xlsx","tableId":"Summary"},"type":"OpenApiConnection","inputs":{"parameters":{"source":"sites/rubberduckanalytics.sharepoint.com,65c452f0-8799-4a9c-9189-e440f28cca7b,554649af-7b29-496a-bbfc-9ce38be15996","drive":"b!8FLEZZmHnEqRieRA8ozKe69JRlUpe2pJu_yc44vhWZaMqx566vqDT5HUEGNEaREt","file":"/2025.11.12 Austin Presentation/Austin_@{formatDateTime(addHours(utcNow(),-4),'yyyy.MM.dd')}.xlsx","table":"Summary","item":"@items('Apply_to_each_1')"},"host":{"apiId":"/providers/Microsoft.PowerApps/apis/shared_excelonlinebusiness","connectionName":"shared_excelonlinebusiness","operationId":"AddRowV2"},"authentication":{"value":"@json(decodeBase64(triggerOutputs().headers['X-MS-APIM-Tokens']))['$ConnectionKey']","type":"Raw"}}}},"runAfter":{"Map_Summary_Schema":["Succeeded"]},"type":"Foreach"}},"runAfter":{"Rejected_Data":["Succeeded"]},"type":"Scope"}}},"connectionReferences":{"shared_powerbi":{"connectionName":"shared-powerbi-cbfa518b-01b9-462e-a5ef-b4be0891e754","source":"Invoker","id":"/providers/Microsoft.PowerApps/apis/shared_powerbi","tier":"NotSpecified","apiName":"powerbi","isProcessSimpleApiReferenceConversionAlreadyDone":false},"shared_excelonlinebusiness":{"connectionName":"shared-excelonlinebu-34e21af1-7082-41bb-ae30-053c62a35e6b","source":"Invoker","id":"/providers/Microsoft.PowerApps/apis/shared_excelonlinebusiness","tier":"NotSpecified","apiName":"excelonlinebusiness","isProcessSimpleApiReferenceConversionAlreadyDone":false}},"flowFailureAlertSubscribed":false,"isManaged":false}}